Slide1,Slide2
shapea,shapei,shaped
shapeg,shapej,shaper
shapeq,shapen,shapep
shapeg,shapej,shaper
shapea,shapei,shaped
shapeg,shapej,shaper
shapeq,shapen,shapep
shapea,shapei,shaped
shapeq,shapen,shapep
shapeg,shapej,shaper
shapeq,shapen,shapep
shapea,shapei,shaped
shapeg,shapej,shaper
shapeq,shapen,shapep
shapea,shapei,shaped
shapeq,shapen,shapep
shapea,shapei,shaped
shapeg,shapej,shaper
shapeq,shapen,shapep
shapea,shapei,shaped
shapeg,shapej,shaper
shapeq,shapen,shapep
shapeg,shapej,shaper
shapea,shapei,shaped
shapeg,shapej,shaper
shapea,shapei,shaped
shapeq,shapen,shapep
shapea,shapei,shaped
shapeq,shapen,shapep
shapeg,shapej,shaper
shapea,shapei,shaped
shapeg,shapej,shaper
shapeq,shapen,shapep
shapeg,shapej,shaper
shapea,shapei,shaped
shapeg,shapej,shaper
shapeq,shapen,shapep
shapea,shapei,shaped
shapeq,shapen,shapep
shapeg,shapej,shaper
shapeq,shapen,shapep
shapea,shapei,shaped
shapeg,shapej,shaper
shapeq,shapen,shapep
shapea,shapei,shaped
shapeq,shapen,shapep
shapea,shapei,shaped
shapeg,shapej,shaper
shapeq,shapen,shapep
shapea,shapei,shaped
shapeg,shapej,shaper
shapeq,shapen,shapep
shapeg,shapej,shaper
shapea,shapei,shaped
shapeg,shapej,shaper
shapea,shapei,shaped
shapeq,shapen,shapep
shapea,shapei,shaped
shapeq,shapen,shapep
shapeg,shapej,shaper
shapea,shapei,shaped
shapeg,shapej,shaper
shapeq,shapen,shapep
shapeg,shapej,shaper
shapea,shapei,shaped
shapeg,shapej,shaper
shapeq,shapen,shapep
shapea,shapei,shaped
shapeq,shapen,shapep
shapeg,shapej,shaper
shapeq,shapen,shapep
shapea,shapei,shaped
shapeg,shapej,shaper
shapeq,shapen,shapep
shapea,shapei,shaped
shapeq,shapen,shapep
shapea,shapei,shaped
shapeg,shapej,shaper
shapeq,shapen,shapep
shapea,shapei,shaped
shapeg,shapej,shaper
shapeq,shapen,shapep
shapeg,shapej,shaper
shapea,shapei,shaped
shapeg,shapej,shaper
shapea,shapei,shaped
shapeq,shapen,shapep
shapea,shapei,shaped
shapeq,shapen,shapep
shapeg,shapej,shaper
Slide3,Slide4,Slide5,Slide6
